User ID,Frequency of Posts,Post Type,Likes,Comments,Retweets,Sentiment of Post,Sentiment of Comments,Date of Post,Number of Followers,Engagement
8270,29,Image,34,26,32,Neutral,Negative,2023-11-13 13:32:18,3480,92
1860,23,Image,339,168,178,Negative,Neutral,2023-11-21 08:30:00,1380,685
6390,7,Image,230,42,14,Negative,Neutral,2023-11-01 19:23:32,595,369
6191,3,Image,438,114,117,Positive,Positive,2023-11-06 03:57:52,303,669
6734,10,No Image,229,58,26,Neutral,Neutral,2023-11-05 22:41:26,800,406
7265,10,Image,702,261,24,Negative,Positive,2023-11-05 16:02:25,820,987
1466,19,Image,464,188,108,Positive,Neutral,2023-11-17 15:03:24,1178,759
5426,14,Image,730,216,259,Negative,Positive,2023-11-26 08:38:17,938,1206
6578,2,Image,537,162,142,Positive,Neutral,2023-11-23 05:45:19,180,842
9322,28,Image,606,32,70,Positive,Positive,2023-11-11 11:42:37,2996,708
2685,1,Image,302,100,104,Neutral,Negative,2023-11-14 10:06:20,105,506
1769,23,Image,56,102,157,Negative,Positive,2023-11-17 19:44:16,1679,407
7949,23,No Image,429,164,99,Neutral,Positive,2023-11-19 08:13:16,2806,692
3433,28,No Image,259,48,104,Negative,Positive,2023-11-27 19:03:54,2240,533
6311,18,No Image,187,140,1,Neutral,Neutral,2023-11-18 13:47:33,1872,328
6051,7,No Image,56,161,50,Negative,Neutral,2023-11-18 17:36:08,413,267
7420,29,Image,642,162,100,Neutral,Neutral,2023-11-23 19:57:20,3161,1172
2184,8,No Image,19,85,64,Positive,Negative,2023-11-24 22:55:42,408,218
5555,1,No Image,272,52,148,Negative,Negative,2023-11-15 16:18:24,64,472
4385,25,Image,177,183,68,Negative,Positive,2023-11-25 15:54:22,1300,428
7396,23,Image,105,129,132,Positive,Negative,2023-11-12 13:17:47,2116,366
9666,3,No Image,3,178,9,Neutral,Positive,2023-11-01 23:14:47,240,246
3558,24,No Image,220,130,94,Negative,Positive,2023-11-01 08:34:20,2856,444
8849,23,Image,20,62,211,Negative,Positive,2023-11-06 15:03:02,2668,292
3047,27,No Image,2,97,58,Neutral,Negative,2023-11-27 19:05:23,2835,204
3747,29,Image,322,238,32,Positive,Neutral,2023-11-12 04:37:23,3248,592
1189,8,Image,342,162,75,Neutral,Negative,2023-11-20 14:14:56,992,579
3734,22,Image,502,75,70,Neutral,Positive,2023-11-23 05:28:21,1408,648
4005,25,Image,278,126,30,Neutral,Positive,2023-11-28 23:38:38,3525,562
5658,15,No Image,54,173,38,Negative,Negative,2023-11-08 01:31:01,885,265
2899,5,Image,748,189,148,Positive,Positive,2023-11-17 04:21:22,435,1086
8734,3,Image,580,30,146,Positive,Positive,2023-11-20 04:17:18,288,756
2267,19,No Image,375,43,29,Neutral,Negative,2023-11-13 14:18:02,2014,447
2528,1,Image,380,207,65,Negative,Negative,2023-11-08 00:16:51,99,651
4556,28,No Image,23,102,27,Neutral,Negative,2023-11-22 13:39:43,3360,152
4890,15,No Image,161,67,115,Negative,Positive,2023-11-05 17:38:48,960,343
9838,8,No Image,157,128,79,Negative,Positive,2023-11-25 05:21:15,536,364
6393,2,Image,122,136,181,Negative,Neutral,2023-11-30 01:29:57,262,439
9792,3,No Image,402,190,11,Negative,Neutral,2023-11-11 04:25:57,411,603
9433,24,No Image,158,23,48,Positive,Negative,2023-11-09 05:44:58,1224,229
8513,14,Image,280,186,22,Negative,Neutral,2023-11-29 23:11:17,1862,633
3612,24,No Image,59,140,63,Negative,Positive,2023-11-20 21:25:00,3528,340
8041,14,No Image,402,110,82,Neutral,Neutral,2023-11-15 12:39:05,1288,594
7235,11,No Image,304,97,0,Neutral,Positive,2023-11-05 01:55:33,825,401
6486,16,No Image,318,138,9,Positive,Negative,2023-11-24 19:02:55,1920,603
8099,4,No Image,365,178,35,Neutral,Negative,2023-11-22 12:03:46,348,578
1775,20,Image,315,24,194,Negative,Positive,2023-11-21 08:44:07,2860,533
9226,5,No Image,405,98,45,Neutral,Neutral,2023-11-23 17:40:02,455,548
4152,22,No Image,151,81,31,Positive,Negative,2023-11-19 01:14:19,1188,263
2585,21,Image,162,154,46,Neutral,Negative,2023-11-22 13:18:23,1260,363
4943,14,Image,112,226,8,Neutral,Neutral,2023-11-06 03:44:19,1596,346
8555,23,Image,44,27,70,Positive,Neutral,2023-11-15 17:36:13,1909,141
4073,16,No Image,313,164,37,Positive,Positive,2023-11-28 10:42:36,800,514
2021,18,Image,728,126,43,Negative,Neutral,2023-11-06 13:48:04,2376,897
4843,7,No Image,116,7,73,Neutral,Neutral,2023-11-23 00:40:19,357,196
8989,10,No Image,414,27,47,Negative,Neutral,2023-11-09 10:44:48,1340,488
7873,7,Image,532,6,80,Neutral,Positive,2023-11-29 16:29:40,483,618
6675,1,Image,286,216,74,Neutral,Positive,2023-11-29 02:59:48,110,576
1161,23,No Image,18,100,61,Negative,Negative,2023-11-24 23:27:30,3128,232
5297,21,Image,646,244,126,Neutral,Positive,2023-11-02 15:49:39,1470,1017
1995,19,No Image,172,117,24,Neutral,Negative,2023-11-11 10:32:30,2603,313
8629,16,Image,340,219,40,Neutral,Neutral,2023-11-04 21:00:59,1872,778
2016,29,Image,524,94,21,Positive,Negative,2023-11-22 01:51:40,1769,639
8869,19,Image,273,135,8,Negative,Negative,2023-11-22 15:11:41,1349,416
7439,4,No Image,112,116,92,Positive,Neutral,2023-11-05 07:04:28,276,320
8892,29,Image,273,146,194,Negative,Negative,2023-11-18 03:24:39,3799,613
7863,28,No Image,480,10,47,Negative,Positive,2023-11-01 16:08:43,1400,537
8916,18,No Image,145,53,25,Neutral,Positive,2023-11-08 15:52:47,1422,223
9529,2,No Image,318,172,32,Negative,Positive,2023-11-09 22:51:29,292,677
1878,1,No Image,115,46,91,Positive,Positive,2023-11-05 02:00:48,73,252
5887,15,Image,168,208,24,Positive,Negative,2023-11-17 22:42:52,945,519
5859,5,No Image,250,148,42,Positive,Negative,2023-11-12 19:45:54,425,570
7331,20,No Image,475,138,72,Negative,Neutral,2023-11-21 08:08:31,2360,685
9571,11,Image,375,6,62,Positive,Negative,2023-11-22 08:17:48,1364,442
9684,10,No Image,302,183,88,Negative,Negative,2023-11-13 23:01:09,730,743
8208,2,Image,687,28,124,Positive,Negative,2023-11-26 02:20:53,218,840
6276,3,No Image,312,168,39,Positive,Neutral,2023-11-24 00:16:43,432,519
3062,23,Image,176,68,103,Negative,Positive,2023-11-24 12:52:34,2392,346
1064,23,No Image,300,11,22,Positive,Negative,2023-11-26 08:38:54,2898,333
9006,12,Image,240,104,142,Neutral,Neutral,2023-11-24 09:38:27,1548,486
3568,20,No Image,400,16,92,Negative,Neutral,2023-11-21 09:42:03,1460,508
6463,5,No Image,197,114,83,Negative,Neutral,2023-11-07 00:41:50,630,394
3027,5,Image,388,219,167,Negative,Positive,2023-11-02 16:23:29,365,775
3695,6,Image,220,230,144,Neutral,Negative,2023-11-10 01:06:51,618,594
6258,9,Image,358,70,184,Negative,Neutral,2023-11-03 18:37:16,675,794
6618,2,Image,69,160,63,Positive,Positive,2023-11-06 19:30:58,230,379
7736,21,No Image,474,51,47,Positive,Neutral,2023-11-23 19:04:59,2709,741
1391,12,No Image,398,95,33,Positive,Neutral,2023-11-21 08:19:51,1044,526
6892,3,Image,296,104,105,Negative,Neutral,2023-11-19 01:21:05,342,504
4561,20,No Image,46,182,74,Positive,Neutral,2023-11-10 19:41:00,2480,391
7184,26,Image,116,152,162,Negative,Neutral,2023-11-03 06:58:44,2600,429
4099,22,Image,184,111,74,Positive,Positive,2023-11-11 18:46:08,1848,478
7278,12,No Image,74,160,66,Neutral,Negative,2023-11-21 23:47:34,1104,389
9392,24,No Image,358,189,61,Neutral,Negative,2023-11-03 20:14:51,1872,788
4104,17,No Image,136,150,57,Neutral,Negative,2023-11-27 04:31:02,1462,343
8215,10,No Image,89,142,32,Neutral,Negative,2023-11-29 22:39:35,1300,341
3454,24,No Image,399,154,133,Negative,Positive,2023-11-01 11:39:09,2568,686
9996,27,No Image,324,191,15,Positive,Positive,2023-11-30 08:57:16,2781,530
3731,14,No Image,499,178,81,Neutral,Positive,2023-11-16 07:39:00,1232,758
9154,23,Image,90,270,251,Negative,Neutral,2023-11-29 19:33:42,2093,792
6056,17,Image,206,122,70,Neutral,Neutral,2023-11-11 03:16:02,1309,398
9110,18,Image,74,136,14,Neutral,Neutral,2023-11-29 12:24:32,1404,224
4840,19,Image,387,267,219,Negative,Negative,2023-11-02 01:06:40,1748,873
2028,17,Image,690,261,100,Negative,Neutral,2023-11-15 16:25:44,884,1051
8385,14,No Image,106,3,18,Positive,Negative,2023-11-03 10:49:25,826,127
1502,9,Image,168,201,52,Positive,Neutral,2023-11-23 17:30:38,972,422
7910,8,Image,524,162,87,Neutral,Negative,2023-11-01 22:26:59,504,1001
7938,2,Image,380,243,93,Neutral,Neutral,2023-11-28 11:28:59,250,716
5488,13,Image,176,70,114,Positive,Neutral,2023-11-26 23:09:38,1248,467
1206,25,Image,738,108,68,Positive,Positive,2023-11-21 10:14:48,2275,914
6134,7,Image,296,106,5,Negative,Neutral,2023-11-01 09:54:16,1001,407
6977,9,Image,504,172,110,Positive,Neutral,2023-11-26 16:22:33,729,786
8721,22,No Image,364,172,64,Positive,Positive,2023-11-25 03:43:49,1782,600
8035,22,No Image,50,80,90,Neutral,Negative,2023-11-06 09:10:51,2002,220
2484,11,Image,366,120,10,Positive,Positive,2023-11-21 14:12:09,891,496
8858,14,No Image,402,112,50,Neutral,Positive,2023-11-14 16:16:32,1050,564
1863,4,No Image,425,95,80,Positive,Negative,2023-11-03 04:01:46,200,600
3790,26,No Image,34,71,130,Negative,Neutral,2023-11-17 06:32:45,2730,235
8408,26,No Image,301,146,5,Positive,Negative,2023-11-30 17:38:59,1326,452
9755,29,Image,614,93,132,Positive,Neutral,2023-11-25 20:48:35,3770,1087
6116,13,No Image,498,37,38,Positive,Neutral,2023-11-28 06:05:25,1027,573
7019,2,No Image,68,66,59,Neutral,Negative,2023-11-20 01:40:40,240,193
2757,23,No Image,348,186,49,Negative,Positive,2023-11-25 07:37:45,2323,583
8574,5,Image,478,102,144,Positive,Negative,2023-11-09 00:50:20,700,724
7374,11,Image,630,18,80,Neutral,Neutral,2023-11-08 11:32:53,638,728
7892,6,Image,700,261,97,Negative,Negative,2023-11-04 14:50:35,426,1059
2678,18,Image,72,282,12,Neutral,Negative,2023-11-06 00:32:27,1494,366
4242,21,Image,606,45,122,Neutral,Neutral,2023-11-14 23:07:38,2058,1001
5636,10,Image,110,170,148,Negative,Positive,2023-11-09 17:51:02,500,428
2059,4,Image,286,32,87,Positive,Negative,2023-11-22 20:05:59,488,525
7668,9,No Image,260,92,84,Neutral,Neutral,2023-11-12 18:59:52,1197,565
4157,6,No Image,355,170,1,Neutral,Neutral,2023-11-13 21:08:33,612,682
6915,2,No Image,69,66,60,Positive,Negative,2023-11-29 04:44:57,264,195
3693,17,Image,134,80,86,Positive,Positive,2023-11-26 00:20:27,2533,298
4627,5,Image,388,206,159,Negative,Negative,2023-11-24 17:29:31,445,753
6450,25,Image,188,62,105,Negative,Positive,2023-11-05 05:23:54,2350,354
2663,6,Image,345,94,94,Negative,Positive,2023-11-23 05:45:49,702,534
6592,26,Image,441,188,54,Positive,Positive,2023-11-07 08:45:54,1508,682
8392,12,No Image,497,20,78,Neutral,Positive,2023-11-13 17:29:58,852,595
2306,23,No Image,418,193,91,Neutral,Negative,2023-11-03 07:19:13,1541,702
7776,21,Image,192,252,46,Negative,Neutral,2023-11-09 01:28:02,2625,490
6864,10,Image,418,226,146,Positive,Neutral,2023-11-10 15:07:04,920,790
8526,22,Image,468,51,93,Neutral,Neutral,2023-11-25 05:32:39,1936,612
9901,21,Image,148,274,57,Negative,Neutral,2023-11-24 10:05:29,2562,480
6575,27,No Image,325,29,10,Neutral,Neutral,2023-11-29 15:59:30,1485,364
6530,25,Image,444,84,86,Neutral,Neutral,2023-11-27 07:12:43,3300,614
5413,6,Image,272,69,84,Positive,Negative,2023-11-04 04:54:54,582,424
4748,27,Image,260,243,114,Positive,Positive,2023-11-11 15:16:06,1512,616
1663,8,Image,472,27,4,Neutral,Neutral,2023-11-25 18:05:47,1032,653
2998,2,No Image,363,113,153,Negative,Negative,2023-11-22 05:20:23,236,629
8994,12,Image,280,10,9,Positive,Neutral,2023-11-15 19:12:30,780,389
2495,13,Image,84,38,90,Neutral,Neutral,2023-11-21 07:03:25,650,212
4304,25,No Image,30,112,53,Positive,Positive,2023-11-05 11:02:37,2150,195
4763,21,No Image,83,70,87,Positive,Positive,2023-11-29 17:11:59,2772,240
6232,7,No Image,151,29,67,Positive,Positive,2023-11-25 21:04:46,602,320
2853,10,Image,708,201,136,Neutral,Neutral,2023-11-23 09:19:55,1300,1046
7585,13,Image,52,99,211,Negative,Neutral,2023-11-15 21:23:12,1469,469
2291,17,No Image,212,64,0,Negative,Neutral,2023-11-06 16:12:24,2363,276
4581,26,No Image,413,35,97,Negative,Positive,2023-11-25 01:57:33,3510,545
8554,21,No Image,407,24,2,Positive,Negative,2023-11-21 14:12:12,2331,433
8280,28,No Image,363,36,77,Neutral,Neutral,2023-11-04 15:30:58,3388,476
2636,26,No Image,105,0,37,Positive,Neutral,2023-11-26 13:56:34,2860,142
4696,14,No Image,413,142,0,Negative,Neutral,2023-11-23 16:49:31,1148,555
1698,2,Image,512,54,100,Negative,Negative,2023-11-26 21:11:36,230,862
5737,28,Image,328,210,126,Neutral,Neutral,2023-11-27 22:34:27,2212,861
1854,22,Image,585,202,42,Positive,Negative,2023-11-13 13:38:36,1518,830
9164,11,No Image,162,132,7,Negative,Neutral,2023-11-26 20:20:11,1199,390
6855,1,No Image,438,187,73,Neutral,Negative,2023-11-16 11:00:00,131,698
8392,19,No Image,219,127,91,Positive,Neutral,2023-11-14 05:43:32,2337,437
7528,21,No Image,269,126,20,Positive,Positive,2023-11-04 04:59:17,1533,415
6249,4,No Image,119,0,126,Negative,Positive,2023-11-24 22:44:28,212,318
6172,19,No Image,393,163,119,Negative,Positive,2023-11-15 08:44:52,1634,675
2707,26,Image,502,51,69,Positive,Positive,2023-11-25 12:41:30,1378,622
6791,29,Image,598,290,124,Positive,Neutral,2023-11-15 05:32:22,3654,1012
6535,21,No Image,181,190,148,Negative,Positive,2023-11-08 05:45:20,2898,519
5931,11,Image,717,154,51,Positive,Negative,2023-11-14 21:17:07,1386,1196
4510,8,No Image,105,22,121,Negative,Positive,2023-11-05 21:07:49,536,321
1202,11,Image,324,12,102,Positive,Positive,2023-11-24 10:11:04,1507,438
5218,4,No Image,204,33,0,Negative,Positive,2023-11-21 11:04:40,460,237
9958,17,No Image,69,173,67,Neutral,Neutral,2023-11-22 01:43:31,1649,309
5389,27,Image,64,190,30,Negative,Positive,2023-11-23 20:38:37,2214,369
3327,7,Image,492,4,159,Negative,Negative,2023-11-29 06:39:57,749,656
9004,8,No Image,300,157,26,Neutral,Positive,2023-11-07 12:13:52,1056,483
3931,3,No Image,227,101,55,Positive,Positive,2023-11-10 00:45:53,366,383
8777,22,Image,274,111,33,Neutral,Positive,2023-11-29 21:15:05,1694,542
1197,2,Image,159,147,65,Negative,Negative,2023-11-08 05:16:35,168,371
8125,23,No Image,83,71,20,Positive,Positive,2023-11-17 09:07:03,1357,174
2930,15,Image,506,3,90,Neutral,Negative,2023-11-26 16:51:12,1710,598
7287,24,No Image,249,141,62,Positive,Negative,2023-11-24 01:26:11,2184,452
9800,22,No Image,362,187,51,Positive,Positive,2023-11-12 15:41:22,2948,600
5282,22,No Image,440,172,87,Neutral,Negative,2023-11-08 21:13:59,1276,906
3511,5,No Image,20,33,24,Positive,Neutral,2023-11-13 15:07:19,545,77
1659,24,Image,292,66,81,Neutral,Positive,2023-11-14 04:02:50,1536,440
3811,1,Image,266,90,122,Negative,Positive,2023-11-17 16:19:56,148,477
8098,26,Image,624,123,46,Positive,Negative,2023-11-26 04:48:50,2756,794
7546,4,Image,711,183,146,Negative,Negative,2023-11-05 06:39:53,472,1040
2986,15,Image,9,152,256,Negative,Positive,2023-11-28 17:41:18,1065,417
9338,20,Image,104,22,6,Positive,Neutral,2023-11-19 22:39:16,2260,171
3911,19,Image,189,98,52,Neutral,Negative,2023-11-23 20:56:45,1710,439
2734,3,No Image,398,167,48,Positive,Negative,2023-11-27 02:54:28,408,613
2843,20,Image,698,216,154,Negative,Neutral,2023-11-28 13:47:31,2400,1067
9680,11,Image,238,177,103,Negative,Neutral,2023-11-10 23:05:45,1155,672
3976,17,No Image,247,161,79,Neutral,Positive,2023-11-07 11:43:57,1224,487
2959,27,Image,303,184,144,Positive,Neutral,2023-11-03 21:27:41,1998,819
6759,13,Image,220,214,227,Negative,Positive,2023-11-13 22:59:25,1820,858
7694,11,No Image,471,101,108,Negative,Neutral,2023-11-06 00:58:06,605,680
3385,2,Image,213,280,22,Negative,Negative,2023-11-20 18:16:16,166,668
5736,9,Image,646,98,8,Neutral,Positive,2023-11-22 00:42:29,1008,752
2802,26,Image,297,290,92,Negative,Positive,2023-11-30 06:50:03,1508,678
9155,2,No Image,404,12,68,Negative,Positive,2023-11-02 02:53:09,218,484
9120,21,Image,638,274,32,Positive,Neutral,2023-11-14 18:09:35,2058,1223
7616,9,Image,230,165,60,Positive,Negative,2023-11-03 19:45:17,1314,589
6534,9,No Image,491,158,7,Negative,Positive,2023-11-28 21:37:22,900,851
5061,8,Image,562,50,111,Negative,Positive,2023-11-18 07:22:35,872,723
1262,17,No Image,383,38,86,Positive,Positive,2023-11-15 17:24:24,2023,507
7287,1,No Image,141,194,80,Neutral,Positive,2023-11-11 14:30:42,86,415
9815,25,Image,468,202,112,Neutral,Negative,2023-11-28 04:57:45,2000,783
3049,29,No Image,164,119,86,Neutral,Neutral,2023-11-13 11:18:48,4263,369
6423,11,No Image,313,125,79,Neutral,Negative,2023-11-19 14:07:22,990,517
5548,8,Image,30,81,99,Neutral,Positive,2023-11-10 17:44:20,888,210
4108,10,No Image,81,26,29,Neutral,Negative,2023-11-25 02:26:22,1420,136
8158,25,No Image,68,117,56,Neutral,Positive,2023-11-07 18:21:53,2675,312
8400,7,Image,195,78,128,Neutral,Neutral,2023-11-10 00:37:12,441,400
4170,3,Image,129,57,108,Positive,Neutral,2023-11-11 20:39:11,255,381
3255,3,Image,326,96,42,Neutral,Neutral,2023-11-04 01:22:28,255,464
2154,18,No Image,420,144,36,Neutral,Positive,2023-11-16 07:02:34,2304,600
5499,5,Image,706,236,129,Neutral,Negative,2023-11-05 09:22:19,285,1071
7295,12,No Image,304,180,22,Negative,Neutral,2023-11-30 05:06:49,900,506
7197,12,No Image,402,12,31,Positive,Positive,2023-11-18 00:24:22,1020,445
2648,19,No Image,370,20,45,Positive,Positive,2023-11-16 02:04:03,1843,435
6539,6,No Image,344,146,22,Positive,Negative,2023-11-04 18:13:15,804,664
5199,2,No Image,340,52,44,Neutral,Neutral,2023-11-29 10:05:00,154,436
9445,12,No Image,383,18,16,Neutral,Positive,2023-11-11 23:33:07,1404,541
3557,19,No Image,395,56,151,Negative,Negative,2023-11-20 14:47:17,2109,602
6592,5,Image,666,36,98,Positive,Neutral,2023-11-04 06:17:37,645,800
1098,12,Image,636,45,8,Neutral,Negative,2023-11-08 16:44:49,1620,688
3200,27,No Image,160,80,17,Positive,Negative,2023-11-04 22:04:29,3375,333
3961,27,No Image,177,182,167,Negative,Positive,2023-11-20 14:16:06,3483,526
5973,17,Image,174,33,57,Negative,Positive,2023-11-18 13:13:45,1700,264
5433,29,No Image,195,31,58,Negative,Positive,2023-11-05 16:13:49,2639,284
3869,17,Image,573,284,44,Positive,Negative,2023-11-30 00:19:45,1326,900
1956,10,Image,734,110,120,Neutral,Positive,2023-11-18 09:55:19,1310,963
9352,25,Image,489,14,46,Neutral,Negative,2023-11-28 18:14:41,1475,712
6699,23,No Image,85,199,74,Negative,Negative,2023-11-27 08:39:19,2024,358
7944,17,No Image,288,53,77,Neutral,Positive,2023-11-20 04:57:19,2227,418
5493,15,Image,120,76,24,Negative,Neutral,2023-11-17 01:24:00,750,221
5911,12,Image,226,220,52,Positive,Neutral,2023-11-11 19:14:05,1056,647
4987,16,Image,90,238,89,Negative,Neutral,2023-11-11 17:19:34,1120,418
7015,24,Image,90,170,108,Positive,Negative,2023-11-27 09:13:01,2736,368
2218,19,Image,530,20,73,Negative,Negative,2023-11-17 14:49:26,1216,622
5496,8,No Image,27,177,10,Neutral,Negative,2023-11-08 01:25:18,424,214
5735,21,Image,662,232,116,Neutral,Positive,2023-11-05 14:19:52,2289,1010
5555,17,No Image,42,109,68,Negative,Negative,2023-11-18 03:14:03,1870,219
9050,23,Image,252,78,69,Neutral,Positive,2023-11-26 17:10:27,1587,399
4446,5,No Image,422,151,18,Neutral,Positive,2023-11-10 02:39:08,295,591
2045,22,No Image,85,78,14,Neutral,Neutral,2023-11-21 05:43:06,2992,177
7893,16,No Image,176,21,27,Positive,Neutral,2023-11-05 02:59:34,1328,224
2693,6,No Image,16,29,23,Neutral,Neutral,2023-11-24 13:44:39,582,68
4436,8,No Image,97,190,71,Positive,Positive,2023-11-18 22:20:26,656,464
9754,25,No Image,453,3,14,Negative,Positive,2023-11-03 18:45:57,3675,610
6895,18,Image,740,87,69,Neutral,Positive,2023-11-03 01:14:29,1980,896
4354,25,No Image,197,7,32,Neutral,Negative,2023-11-29 19:32:09,1475,306
1225,12,Image,146,16,92,Neutral,Positive,2023-11-07 00:58:22,1236,254
5893,15,No Image,64,118,173,Negative,Neutral,2023-11-11 05:32:48,1995,355
8022,27,No Image,329,158,18,Positive,Neutral,2023-11-21 20:19:02,3078,655
6600,26,Image,510,50,99,Positive,Positive,2023-11-26 15:05:52,3276,658
8996,9,No Image,4,81,73,Neutral,Positive,2023-11-02 18:32:05,450,205
8683,13,Image,2,146,105,Negative,Neutral,2023-11-17 05:05:15,702,252
5642,26,Image,32,189,124,Negative,Positive,2023-11-05 13:57:53,3354,345
8679,15,Image,166,111,173,Negative,Neutral,2023-11-12 10:55:13,960,450
9208,10,Image,84,156,76,Negative,Negative,2023-11-19 18:17:10,770,409
8339,16,No Image,65,48,88,Negative,Neutral,2023-11-06 10:59:18,2304,201
3205,7,No Image,329,78,97,Positive,Negative,2023-11-06 20:50:21,504,653
2069,17,Image,146,276,18,Positive,Positive,2023-11-21 02:21:06,1122,440
4444,23,No Image,143,92,0,Positive,Positive,2023-11-08 04:23:20,3381,235
2060,26,No Image,367,153,33,Neutral,Negative,2023-11-09 13:28:42,1612,553
3327,21,Image,651,26,248,Negative,Positive,2023-11-16 23:18:51,1323,1199
4420,22,No Image,124,95,47,Neutral,Negative,2023-11-01 22:34:36,1320,345
1301,26,Image,249,56,205,Negative,Positive,2023-11-16 06:39:27,2002,510
1606,7,Image,128,129,70,Positive,Neutral,2023-11-13 09:58:36,637,327
4170,14,No Image,75,87,48,Neutral,Positive,2023-11-04 14:58:16,2030,210
1699,15,No Image,343,49,63,Positive,Neutral,2023-11-22 22:07:28,2220,590
6088,21,No Image,494,7,108,Negative,Neutral,2023-11-10 00:01:57,2310,609
1190,7,Image,634,252,76,Negative,Negative,2023-11-18 05:05:39,791,962
1980,9,Image,440,200,103,Negative,Positive,2023-11-22 22:39:33,720,961
3975,19,No Image,443,68,87,Positive,Negative,2023-11-23 06:59:26,2470,598
7102,16,No Image,58,171,45,Negative,Positive,2023-11-12 05:07:37,1952,274
2184,8,No Image,137,120,16,Positive,Neutral,2023-11-16 13:58:39,472,273
4327,18,No Image,98,63,70,Neutral,Neutral,2023-11-09 17:19:41,1026,231
4394,27,Image,286,234,32,Negative,Positive,2023-11-25 17:37:54,1890,553
9319,23,No Image,242,155,122,Negative,Positive,2023-11-01 18:43:53,2898,673
2816,29,Image,477,207,68,Negative,Negative,2023-11-28 05:46:52,3132,752
6854,18,Image,72,180,72,Neutral,Positive,2023-11-13 12:44:42,1782,324
7709,20,No Image,447,64,119,Negative,Positive,2023-11-10 04:40:50,2360,630
1569,7,No Image,31,106,6,Positive,Positive,2023-11-06 18:33:21,833,185
6442,3,No Image,390,146,57,Positive,Negative,2023-11-24 11:00:19,237,593
2895,18,Image,414,204,130,Negative,Positive,2023-11-12 20:50:57,2592,969
3733,27,No Image,19,154,94,Negative,Neutral,2023-11-13 17:29:25,1782,267
4863,10,No Image,153,161,64,Neutral,Negative,2023-11-16 11:46:45,1240,378
8455,7,Image,573,256,92,Neutral,Negative,2023-11-08 06:56:56,483,921
5014,17,No Image,67,195,16,Neutral,Neutral,2023-11-24 09:16:27,1649,278
2686,14,Image,548,148,113,Negative,Neutral,2023-11-27 13:02:01,1708,809
4009,24,No Image,371,81,24,Neutral,Neutral,2023-11-03 02:00:48,1224,476
8806,3,Image,320,213,3,Neutral,Positive,2023-11-21 01:10:59,258,536
1154,12,No Image,142,50,78,Positive,Neutral,2023-11-17 08:24:21,600,270
2409,28,No Image,375,140,28,Neutral,Positive,2023-11-16 14:51:27,1484,543
1784,13,Image,346,123,46,Positive,Negative,2023-11-27 18:15:23,1937,669
9096,2,Image,318,264,38,Positive,Negative,2023-11-19 23:33:43,206,803
8560,3,No Image,78,197,15,Neutral,Neutral,2023-11-05 05:09:42,222,290
8343,5,Image,320,166,36,Positive,Positive,2023-11-02 13:38:20,260,522
8206,11,Image,172,82,143,Negative,Neutral,2023-11-25 14:46:46,638,398
6596,8,Image,136,267,73,Negative,Neutral,2023-11-30 11:53:42,1080,476
6801,26,Image,404,246,108,Neutral,Positive,2023-11-10 04:40:45,3536,758
3806,23,No Image,410,144,99,Negative,Neutral,2023-11-13 05:23:55,2875,653
1537,23,No Image,380,185,64,Positive,Negative,2023-11-16 01:27:09,2829,629
6986,12,Image,732,234,248,Negative,Neutral,2023-11-06 15:43:36,996,1214
2841,7,Image,250,240,128,Neutral,Positive,2023-11-19 18:27:33,644,801
9716,15,Image,86,88,118,Neutral,Positive,2023-11-10 11:27:05,1845,292
7971,24,Image,424,178,60,Positive,Negative,2023-11-04 23:21:29,3432,859
6625,17,No Image,25,182,50,Neutral,Positive,2023-11-16 19:48:19,1207,333
3950,4,No Image,368,137,126,Negative,Positive,2023-11-18 18:18:50,476,818
8992,29,Image,669,261,116,Neutral,Negative,2023-11-23 06:11:49,1479,1046
5780,22,Image,98,33,42,Positive,Neutral,2023-11-15 09:01:58,3146,172
3368,25,Image,612,222,123,Neutral,Negative,2023-11-02 23:31:03,2875,1240
7655,13,No Image,247,12,32,Negative,Neutral,2023-11-12 15:59:53,1053,291
9173,18,Image,380,150,98,Positive,Negative,2023-11-15 20:57:00,1170,813
5495,1,No Image,386,160,72,Negative,Neutral,2023-11-21 15:01:28,125,618
7002,16,Image,682,34,66,Positive,Negative,2023-11-10 00:26:33,800,783
7614,13,No Image,43,107,14,Neutral,Neutral,2023-11-08 10:29:00,1573,164
6919,10,Image,144,15,3,Positive,Negative,2023-11-05 12:09:59,970,162
1853,12,No Image,41,16,10,Positive,Neutral,2023-11-12 11:24:36,1188,67
5146,2,Image,748,292,78,Neutral,Negative,2023-11-01 09:37:13,124,1119
4769,23,Image,339,261,122,Negative,Positive,2023-11-20 20:35:47,1472,935
1574,3,Image,392,36,44,Neutral,Neutral,2023-11-19 04:12:44,306,471
2148,10,No Image,166,93,56,Positive,Negative,2023-11-22 14:06:57,930,315
7293,2,Image,652,30,26,Neutral,Neutral,2023-11-28 16:20:24,114,708
7457,27,No Image,278,83,50,Positive,Neutral,2023-11-19 22:28:35,3321,533
8509,23,No Image,88,139,47,Neutral,Negative,2023-11-02 17:47:27,2185,274
5777,13,Image,567,54,98,Neutral,Neutral,2023-11-06 15:41:48,1534,718
4854,13,Image,266,62,256,Negative,Negative,2023-11-04 10:29:45,884,584
3491,18,Image,639,216,10,Positive,Positive,2023-11-08 15:08:56,1566,866
4124,3,No Image,402,100,38,Negative,Neutral,2023-11-08 16:41:10,180,540
6691,27,Image,294,70,8,Positive,Positive,2023-11-17 17:41:39,2484,372
4051,7,No Image,306,102,75,Neutral,Neutral,2023-11-10 08:34:52,483,483
1004,14,No Image,266,27,56,Positive,Neutral,2023-11-23 00:10:31,966,349
6222,20,Image,400,60,94,Negative,Neutral,2023-11-20 13:04:00,1400,555
6315,29,Image,110,147,211,Negative,Negative,2023-11-02 14:39:30,3799,467
5869,17,Image,10,69,246,Negative,Positive,2023-11-12 22:35:13,1802,422
1876,29,Image,610,218,84,Positive,Neutral,2023-11-30 05:49:57,2871,912
8027,21,Image,712,156,130,Negative,Negative,2023-11-07 11:10:16,2583,998
5142,12,Image,444,184,119,Negative,Neutral,2023-11-17 03:08:32,1764,747
7966,25,No Image,163,198,146,Negative,Negative,2023-11-21 16:05:57,1875,507
8079,16,No Image,484,12,65,Neutral,Neutral,2023-11-02 04:28:30,1264,561
8987,24,No Image,84,140,76,Neutral,Positive,2023-11-15 13:11:17,2928,300
7799,12,Image,106,148,66,Positive,Positive,2023-11-15 05:16:28,960,321
5465,15,No Image,54,30,78,Positive,Neutral,2023-11-22 09:16:25,1365,162
1635,25,No Image,392,129,34,Negative,Negative,2023-11-28 11:52:45,2925,555
2693,10,No Image,46,15,63,Neutral,Neutral,2023-11-15 20:12:45,1100,161
5752,25,No Image,398,136,166,Negative,Negative,2023-11-12 12:18:04,2750,700
9311,7,No Image,431,72,166,Negative,Neutral,2023-11-26 16:18:57,833,669
1830,20,Image,356,248,99,Neutral,Negative,2023-11-06 23:12:48,2540,910
6177,5,Image,154,80,123,Neutral,Positive,2023-11-17 19:04:22,585,463
9932,1,No Image,209,183,2,Neutral,Neutral,2023-11-22 12:13:59,139,394
9308,17,No Image,41,99,53,Positive,Positive,2023-11-01 06:41:49,1122,193
6949,3,No Image,315,108,77,Positive,Positive,2023-11-07 16:19:32,204,500
3838,13,Image,700,129,170,Negative,Neutral,2023-11-03 15:01:01,1300,1000
2150,14,Image,680,258,58,Positive,Neutral,2023-11-08 06:05:59,1666,996
8560,24,No Image,267,161,58,Neutral,Negative,2023-11-04 12:34:24,2688,486
2931,18,Image,578,204,81,Neutral,Negative,2023-11-28 07:06:26,2556,862
2664,4,Image,393,10,92,Positive,Positive,2023-11-25 07:22:57,496,495
2081,18,No Image,335,6,5,Negative,Negative,2023-11-28 09:56:20,2322,346
1512,5,Image,579,52,159,Negative,Negative,2023-11-19 21:59:39,395,1025
8805,25,Image,546,26,111,Positive,Neutral,2023-11-17 11:37:50,1850,682
6237,16,No Image,258,2,169,Negative,Negative,2023-11-28 18:41:24,1984,556
1559,1,Image,423,40,256,Negative,Positive,2023-11-27 11:09:06,120,720
4672,21,Image,170,104,243,Negative,Negative,2023-11-22 13:40:48,1575,516
8404,14,No Image,362,171,29,Neutral,Positive,2023-11-13 02:25:55,1470,562
4343,15,Image,58,222,2,Neutral,Neutral,2023-11-17 15:54:05,1065,282
5070,9,Image,728,40,92,Positive,Positive,2023-11-12 09:28:19,1242,860
1580,15,No Image,416,53,48,Neutral,Negative,2023-11-08 06:28:27,1020,517
8004,17,No Image,219,181,14,Negative,Neutral,2023-11-07 22:50:32,1360,537
9130,25,No Image,128,64,91,Neutral,Negative,2023-11-07 14:47:02,1875,283
4147,24,Image,10,148,45,Positive,Neutral,2023-11-01 23:47:45,2184,264
5249,4,No Image,100,20,97,Neutral,Neutral,2023-11-26 19:12:20,360,281
2679,12,Image,622,18,162,Negative,Negative,2023-11-17 02:14:40,1788,802
4506,27,No Image,379,56,140,Negative,Negative,2023-11-22 11:13:06,1944,575
8253,26,Image,262,72,70,Positive,Neutral,2023-11-07 16:15:25,2496,405
3744,5,No Image,106,117,24,Neutral,Neutral,2023-11-27 14:54:28,310,247
6188,29,No Image,100,53,35,Neutral,Negative,2023-11-27 04:42:06,4002,188
3141,5,No Image,259,137,7,Neutral,Positive,2023-11-14 08:37:11,575,403
7617,11,No Image,477,52,130,Negative,Negative,2023-11-16 18:50:45,1265,854
3479,28,Image,680,64,86,Positive,Neutral,2023-11-21 16:41:09,1820,830
7484,6,No Image,365,46,44,Neutral,Negative,2023-11-07 20:56:48,732,590
8421,7,No Image,245,52,110,Negative,Positive,2023-11-20 22:09:14,539,527
5452,24,Image,411,110,103,Negative,Negative,2023-11-07 08:39:36,3024,623
6881,14,No Image,31,45,171,Negative,Neutral,2023-11-20 09:14:47,1176,247
7665,24,Image,204,18,86,Neutral,Negative,2023-11-16 04:57:31,2160,308
3849,11,No Image,11,164,80,Neutral,Neutral,2023-11-12 07:22:37,1386,255
8390,13,No Image,394,101,98,Neutral,Neutral,2023-11-03 23:34:13,1040,769
7905,2,No Image,301,23,82,Neutral,Negative,2023-11-17 09:16:56,268,406
3489,25,Image,561,2,94,Neutral,Neutral,2023-11-07 09:38:36,2025,657
5611,7,No Image,15,80,43,Neutral,Neutral,2023-11-15 13:01:15,721,138
3839,20,No Image,128,99,28,Neutral,Positive,2023-11-15 21:28:13,2940,331
9527,4,No Image,62,141,58,Neutral,Positive,2023-11-23 23:57:49,484,338
6878,27,Image,162,206,105,Neutral,Positive,2023-11-09 22:57:12,2916,612
7303,8,Image,561,243,246,Negative,Positive,2023-11-12 23:57:24,720,1361
1851,20,No Image,20,152,8,Neutral,Neutral,2023-11-26 08:40:38,2300,180
2687,29,Image,236,195,136,Positive,Negative,2023-11-27 02:50:28,4205,567
7833,22,No Image,268,110,9,Negative,Neutral,2023-11-03 12:48:57,2266,387
3427,21,No Image,161,101,28,Neutral,Neutral,2023-11-02 22:06:24,1869,376
5000,19,No Image,259,16,57,Positive,Neutral,2023-11-01 16:58:15,1463,332
6052,13,No Image,411,11,16,Neutral,Negative,2023-11-26 18:40:33,1118,568
3738,14,No Image,101,181,15,Positive,Positive,2023-11-15 07:19:22,1596,297
6732,10,No Image,222,115,86,Positive,Neutral,2023-11-28 07:55:57,1230,423
6387,11,No Image,58,23,94,Positive,Neutral,2023-11-12 03:53:01,1144,175
9002,2,Image,369,42,3,Positive,Positive,2023-11-15 08:57:17,106,414
6536,25,Image,190,255,54,Negative,Neutral,2023-11-09 18:50:16,3700,647
4913,26,Image,423,228,170,Negative,Negative,2023-11-20 10:56:58,1534,821
2066,9,Image,486,182,134,Positive,Neutral,2023-11-27 18:43:49,864,1038
8723,17,Image,36,280,52,Neutral,Neutral,2023-11-09 09:42:56,2108,369
5380,26,Image,195,134,128,Positive,Positive,2023-11-05 07:46:27,1638,456
5107,3,Image,528,96,165,Negative,Neutral,2023-11-11 08:12:54,261,789
6726,24,No Image,195,83,41,Neutral,Neutral,2023-11-17 18:05:00,1464,413
4373,6,No Image,280,118,135,Negative,Negative,2023-11-15 06:53:29,564,533
9945,5,No Image,403,155,74,Negative,Positive,2023-11-05 19:49:37,330,819
3082,5,No Image,417,15,60,Neutral,Positive,2023-11-21 07:38:20,645,492
9967,22,Image,230,261,18,Positive,Negative,2023-11-21 13:35:54,1848,508
7748,15,Image,572,154,15,Positive,Neutral,2023-11-01 23:59:42,1725,960
1417,23,No Image,132,91,53,Positive,Positive,2023-11-02 02:04:18,2852,276
9306,17,No Image,226,185,15,Positive,Positive,2023-11-06 10:29:12,1530,426
9808,9,Image,282,39,10,Neutral,Neutral,2023-11-15 20:24:47,1044,430
4974,3,No Image,475,180,58,Neutral,Neutral,2023-11-22 10:01:33,234,713
4267,20,No Image,476,169,56,Neutral,Positive,2023-11-18 16:09:31,1340,701
1825,26,No Image,264,186,70,Negative,Neutral,2023-11-09 13:06:46,1794,520
8668,17,No Image,371,174,58,Neutral,Positive,2023-11-11 05:06:04,1071,603
6745,29,Image,728,242,2,Positive,Neutral,2023-11-04 18:38:50,2407,1258
1412,27,No Image,433,164,167,Negative,Neutral,2023-11-10 08:29:25,2646,764
8543,10,No Image,133,133,93,Positive,Negative,2023-11-26 19:18:33,1030,465
8587,3,Image,315,201,112,Positive,Neutral,2023-11-09 02:19:24,240,628
1728,18,Image,88,228,14,Neutral,Negative,2023-11-03 14:06:45,1926,330
8164,18,No Image,427,32,43,Neutral,Neutral,2023-11-24 04:32:54,1638,502
9867,17,Image,564,81,15,Positive,Positive,2023-11-02 00:44:11,1819,660
6988,24,No Image,394,185,78,Positive,Positive,2023-11-06 17:10:34,3144,657
3504,3,No Image,449,6,142,Negative,Neutral,2023-11-03 12:55:35,237,597
3967,3,Image,645,84,120,Neutral,Neutral,2023-11-13 06:38:40,222,849
3786,6,No Image,363,125,160,Negative,Positive,2023-11-06 08:25:35,672,648
2122,13,No Image,363,11,2,Negative,Neutral,2023-11-29 02:29:42,884,376
5079,24,No Image,456,15,88,Negative,Negative,2023-11-09 20:58:42,2904,725
2571,29,No Image,212,42,11,Positive,Negative,2023-11-20 16:43:01,4089,265
6073,15,Image,322,174,240,Negative,Negative,2023-11-21 05:09:44,855,737
6104,25,Image,338,201,59,Negative,Negative,2023-11-07 17:03:57,3600,598
3143,9,No Image,469,110,17,Positive,Negative,2023-11-28 22:57:44,468,773
7806,4,Image,195,75,92,Neutral,Neutral,2023-11-29 21:02:49,464,469
8357,14,No Image,75,159,95,Neutral,Neutral,2023-11-15 13:12:33,1890,329
4440,5,No Image,475,74,110,Negative,Negative,2023-11-20 18:13:09,650,854
4766,2,No Image,285,7,37,Positive,Neutral,2023-11-04 07:23:18,298,329
6644,11,No Image,473,199,66,Neutral,Neutral,2023-11-28 06:20:26,726,738
3914,9,No Image,495,44,67,Negative,Negative,2023-11-05 08:29:44,567,606
5968,24,Image,414,87,178,Negative,Neutral,2023-11-18 08:37:31,1392,679
6917,3,No Image,155,131,93,Positive,Neutral,2023-11-24 18:43:42,333,491
9787,27,Image,370,154,162,Negative,Neutral,2023-11-09 19:00:03,3861,890
1728,28,Image,326,291,0,Neutral,Negative,2023-11-14 17:43:47,1960,616
2365,29,No Image,189,156,93,Positive,Neutral,2023-11-09 12:45:00,3625,438
5492,9,No Image,416,156,44,Neutral,Positive,2023-11-03 11:21:50,774,616
1698,3,No Image,468,97,95,Neutral,Positive,2023-11-20 14:59:01,435,660
8186,25,No Image,162,155,27,Neutral,Negative,2023-11-08 21:43:45,1500,446
1395,2,No Image,179,78,36,Negative,Positive,2023-11-24 23:25:30,138,380
8400,12,Image,50,184,32,Negative,Negative,2023-11-24 16:28:25,1008,266
9082,10,No Image,40,171,26,Neutral,Positive,2023-11-28 18:10:05,1020,307
5171,9,No Image,306,3,99,Neutral,Positive,2023-11-16 07:31:10,864,408
5360,15,Image,645,134,9,Positive,Positive,2023-11-12 07:48:49,1860,788
3502,8,Image,506,154,32,Positive,Negative,2023-11-11 19:44:54,808,896
1717,25,No Image,313,136,131,Negative,Negative,2023-11-04 05:01:31,1425,580
3782,5,Image,111,177,140,Negative,Neutral,2023-11-15 16:53:49,265,428
5946,11,No Image,440,132,78,Positive,Negative,2023-11-22 02:33:25,836,650
6486,27,Image,417,82,117,Neutral,Positive,2023-11-12 02:49:52,2511,616
9335,2,Image,262,142,8,Negative,Positive,2023-11-10 07:34:22,178,413
5980,24,No Image,383,177,95,Neutral,Negative,2023-11-15 17:23:00,2304,655
8266,28,Image,224,111,33,Positive,Negative,2023-11-21 23:24:39,4004,476
5491,15,Image,408,213,186,Negative,Negative,2023-11-04 23:30:52,1395,1046
8192,6,Image,486,46,235,Negative,Neutral,2023-11-20 05:50:48,582,767
6588,8,Image,160,40,124,Positive,Positive,2023-11-03 01:09:58,1120,326
8651,27,Image,207,32,224,Negative,Neutral,2023-11-20 03:05:07,3618,463
4636,5,Image,524,24,112,Positive,Neutral,2023-11-21 00:41:58,505,660
2167,16,No Image,270,58,58,Negative,Positive,2023-11-11 13:49:50,2128,386
2062,26,No Image,346,89,27,Positive,Positive,2023-11-20 22:29:00,3042,599
3156,18,Image,627,297,19,Negative,Negative,2023-11-09 07:35:51,1080,943
8860,6,No Image,288,105,0,Neutral,Negative,2023-11-18 00:25:41,756,393
6161,5,No Image,211,184,36,Neutral,Neutral,2023-11-03 00:48:12,610,431
6305,28,No Image,380,25,62,Neutral,Negative,2023-11-07 13:23:49,1484,467
7541,16,Image,406,36,57,Negative,Negative,2023-11-23 17:05:16,2000,499
5729,13,No Image,417,137,124,Negative,Positive,2023-11-08 22:15:10,1586,879
8330,28,Image,98,66,30,Neutral,Positive,2023-11-17 10:44:31,3528,194
6334,5,No Image,482,82,95,Neutral,Negative,2023-11-02 15:19:06,485,659
9924,13,Image,634,15,51,Positive,Positive,2023-11-05 02:31:10,975,700
5330,17,Image,370,270,117,Positive,Negative,2023-11-17 22:51:42,2142,982
9010,18,No Image,155,199,4,Positive,Positive,2023-11-04 21:55:05,1584,464
7801,8,No Image,46,103,59,Neutral,Positive,2023-11-21 12:46:04,1128,208
5846,13,Image,633,100,68,Neutral,Positive,2023-11-19 17:38:40,1391,801
7731,29,No Image,453,94,49,Neutral,Positive,2023-11-06 19:44:18,1972,773
8241,19,No Image,200,155,47,Positive,Negative,2023-11-17 22:47:09,2603,521
1953,26,No Image,147,64,9,Negative,Neutral,2023-11-20 23:44:45,3432,285
3539,3,Image,184,72,132,Neutral,Positive,2023-11-10 05:42:51,378,388
8056,24,Image,0,261,148,Negative,Negative,2023-11-21 13:28:49,3024,410
2542,8,No Image,455,51,104,Negative,Negative,2023-11-30 04:52:38,856,610
6293,2,No Image,246,101,50,Negative,Positive,2023-11-09 06:10:11,154,397
2191,8,No Image,342,181,70,Positive,Neutral,2023-11-09 12:09:28,920,593
7313,27,Image,190,280,205,Negative,Positive,2023-11-19 02:00:46,1593,676
7938,13,Image,285,84,26,Neutral,Negative,2023-11-07 20:21:29,1755,511
3681,13,No Image,66,46,1,Positive,Neutral,2023-11-05 11:01:18,1638,113
2540,1,No Image,3,158,7,Neutral,Negative,2023-11-27 14:23:17,107,168
7172,6,No Image,441,173,74,Neutral,Positive,2023-11-24 18:31:00,732,892
6541,24,No Image,408,25,96,Positive,Neutral,2023-11-29 17:52:12,3504,529
2365,19,No Image,302,113,53,Neutral,Negative,2023-11-02 11:21:22,1197,468
9691,16,No Image,293,4,37,Neutral,Negative,2023-11-29 01:47:20,2128,334
9702,8,Image,213,124,70,Positive,Negative,2023-11-18 17:56:11,512,408
8494,28,No Image,190,51,26,Neutral,Positive,2023-11-24 12:28:31,4060,267
5312,1,Image,30,156,51,Negative,Neutral,2023-11-15 14:18:20,82,237
2324,27,No Image,226,53,11,Neutral,Positive,2023-11-01 23:01:10,1782,376
4141,27,No Image,312,160,76,Negative,Positive,2023-11-25 21:47:13,1971,710
8419,16,Image,174,266,90,Neutral,Positive,2023-11-29 17:01:29,1264,530
4486,9,Image,654,248,45,Positive,Neutral,2023-11-20 07:07:25,999,946
2810,13,Image,452,231,135,Positive,Positive,2023-11-17 21:03:51,806,1060
7588,11,Image,748,21,142,Neutral,Positive,2023-11-04 00:16:08,1221,912
3923,13,No Image,141,60,60,Positive,Positive,2023-11-23 12:56:18,1248,261
6301,25,Image,724,182,110,Neutral,Positive,2023-11-28 14:59:27,1625,1016
5186,21,No Image,459,20,66,Positive,Negative,2023-11-26 06:17:53,2415,545
9905,10,Image,600,68,243,Negative,Positive,2023-11-14 02:35:43,1300,910
6977,4,No Image,38,196,34,Neutral,Negative,2023-11-11 06:06:23,580,268
5268,27,No Image,392,133,169,Negative,Positive,2023-11-11 20:20:39,2484,900
5748,6,No Image,354,37,25,Negative,Neutral,2023-11-05 01:39:24,342,416
5849,28,No Image,251,61,15,Neutral,Negative,2023-11-20 06:56:18,1456,327
4709,7,No Image,332,85,22,Negative,Negative,2023-11-27 05:28:03,427,439
7619,5,No Image,206,189,34,Neutral,Negative,2023-11-08 18:45:22,665,556
9647,11,Image,314,116,200,Negative,Negative,2023-11-16 02:41:25,715,629
4072,13,No Image,114,45,58,Neutral,Neutral,2023-11-13 21:15:47,1651,281
7530,26,Image,336,210,30,Neutral,Positive,2023-11-18 06:21:32,3354,576
1504,25,Image,200,3,80,Positive,Negative,2023-11-19 01:54:40,2700,282
2214,19,No Image,250,5,74,Neutral,Neutral,2023-11-20 16:42:34,1862,329
2531,23,Image,327,138,44,Neutral,Negative,2023-11-04 07:25:11,2576,508
8576,10,No Image,406,7,85,Negative,Positive,2023-11-20 03:00:54,1110,498
1823,10,Image,663,256,51,Neutral,Negative,2023-11-01 09:47:31,980,970
1928,11,No Image,90,107,85,Positive,Neutral,2023-11-14 08:22:03,1100,282
6029,21,Image,530,240,100,Negative,Positive,2023-11-15 01:43:02,1722,869
1133,7,No Image,375,74,54,Negative,Neutral,2023-11-13 18:35:04,553,652
3105,18,No Image,45,76,77,Positive,Positive,2023-11-02 16:22:33,1944,198
4627,4,No Image,37,49,41,Negative,Positive,2023-11-02 22:16:30,500,165
7316,2,No Image,141,10,86,Negative,Positive,2023-11-20 23:36:30,128,308
2852,14,Image,148,141,256,Negative,Negative,2023-11-18 11:49:59,1834,546
5910,13,No Image,327,155,178,Negative,Neutral,2023-11-06 07:46:05,1833,660
5175,29,Image,284,104,46,Positive,Neutral,2023-11-03 05:28:17,2088,434
6348,12,Image,51,252,81,Positive,Neutral,2023-11-26 12:41:16,1524,384
7190,7,Image,219,22,211,Negative,Positive,2023-11-24 10:45:28,1001,452
2256,2,No Image,29,67,103,Negative,Negative,2023-11-29 14:51:54,292,199
4376,13,Image,500,147,147,Positive,Positive,2023-11-27 23:49:53,1222,1029
6645,14,Image,124,70,3,Positive,Neutral,2023-11-13 06:07:22,1554,198
4486,27,Image,552,274,118,Positive,Negative,2023-11-04 16:59:07,3456,945
4584,17,No Image,280,63,122,Negative,Negative,2023-11-28 15:11:21,2040,465
9053,9,No Image,423,186,151,Negative,Negative,2023-11-11 10:52:38,576,760
4330,17,Image,514,134,14,Neutral,Neutral,2023-11-16 12:57:37,1615,662
3703,8,No Image,269,189,82,Positive,Negative,2023-11-12 19:25:45,904,700
9662,2,No Image,153,75,43,Negative,Negative,2023-11-04 10:16:46,190,271
9120,28,Image,152,207,100,Positive,Positive,2023-11-07 12:54:37,2940,459
8114,24,Image,321,150,162,Negative,Positive,2023-11-16 20:06:37,2232,820
2353,13,No Image,149,88,28,Positive,Negative,2023-11-28 20:18:44,1612,343
6063,3,Image,646,26,49,Negative,Negative,2023-11-13 14:55:14,234,721
9549,16,No Image,82,18,42,Neutral,Positive,2023-11-07 11:14:20,2304,142
8575,6,No Image,109,54,65,Neutral,Positive,2023-11-12 08:13:46,666,228
1667,19,No Image,434,101,73,Positive,Positive,2023-11-28 05:59:06,2622,608
5468,7,No Image,386,117,108,Negative,Neutral,2023-11-17 18:26:51,707,792
7819,10,No Image,425,153,76,Negative,Neutral,2023-11-17 22:26:49,1030,847
4719,9,No Image,274,133,24,Positive,Positive,2023-11-01 15:26:37,1233,431
3745,2,Image,300,4,51,Negative,Negative,2023-11-10 14:47:23,212,356
8483,28,Image,424,160,70,Positive,Positive,2023-11-15 12:32:41,3696,656
1539,28,No Image,467,114,148,Negative,Neutral,2023-11-20 16:31:36,3220,729
5964,15,No Image,172,28,86,Positive,Negative,2023-11-23 00:54:01,1065,286
5835,5,No Image,326,58,41,Negative,Neutral,2023-11-04 07:09:46,345,425
4775,29,Image,308,186,15,Positive,Negative,2023-11-28 09:01:30,2378,508
7042,22,No Image,62,97,175,Negative,Neutral,2023-11-07 18:08:56,2662,432
8102,4,Image,108,24,81,Neutral,Negative,2023-11-12 07:14:07,296,213
8312,20,No Image,250,106,49,Negative,Negative,2023-11-08 04:02:14,1900,405
6320,4,No Image,123,42,68,Positive,Negative,2023-11-28 22:28:36,488,302
7132,18,Image,561,118,93,Neutral,Negative,2023-11-15 19:05:16,2646,1001
8891,4,Image,180,290,157,Negative,Neutral,2023-11-07 03:37:44,424,626
3779,27,No Image,274,161,4,Neutral,Neutral,2023-11-14 17:36:31,3672,439
1924,17,No Image,430,7,90,Negative,Negative,2023-11-25 10:03:43,918,527
2581,12,No Image,499,140,20,Neutral,Negative,2023-11-06 21:11:22,1248,854
8714,22,Image,596,158,16,Positive,Neutral,2023-11-01 16:36:41,2420,770
4324,17,Image,178,10,132,Negative,Negative,2023-11-27 00:06:39,2346,321
6713,10,Image,632,142,8,Negative,Negative,2023-11-25 06:05:43,570,782
8026,22,Image,654,140,62,Positive,Negative,2023-11-22 09:59:42,1430,855
1255,1,Image,474,96,124,Neutral,Positive,2023-11-01 23:25:45,97,900
5804,22,Image,244,255,56,Positive,Negative,2023-11-25 09:08:21,2420,555
2838,26,No Image,423,38,24,Positive,Positive,2023-11-03 05:01:44,1664,485
1009,24,No Image,464,80,13,Neutral,Negative,2023-11-18 19:38:33,2736,722
3871,27,Image,428,279,111,Positive,Neutral,2023-11-18 00:51:18,1917,818
9989,18,No Image,264,83,56,Negative,Positive,2023-11-10 18:52:14,936,522
8409,18,No Image,319,87,18,Negative,Positive,2023-11-24 17:40:43,1854,424
8418,14,Image,240,128,162,Negative,Negative,2023-11-09 13:50:54,882,530
6124,15,No Image,375,92,17,Positive,Negative,2023-11-19 10:01:07,1275,484
2015,29,Image,460,128,70,Negative,Positive,2023-11-18 07:51:58,3799,658
3193,12,Image,132,64,146,Negative,Neutral,2023-11-27 17:16:01,1572,342
9415,4,No Image,141,136,95,Negative,Neutral,2023-11-11 14:29:03,464,372
8449,27,Image,303,246,219,Negative,Negative,2023-11-07 15:33:28,1593,768
5158,3,Image,462,110,232,Negative,Neutral,2023-11-19 00:55:09,294,804
4925,20,Image,339,52,200,Negative,Neutral,2023-11-08 12:30:51,2280,591
7970,29,Image,732,150,30,Positive,Negative,2023-11-21 00:19:55,4060,912
7938,12,Image,663,232,116,Negative,Neutral,2023-11-11 05:38:35,1272,1012
5784,7,Image,500,254,11,Negative,Negative,2023-11-26 20:55:16,532,990
5000,29,Image,332,255,129,Neutral,Positive,2023-11-15 21:27:39,3596,927
2633,11,Image,60,254,60,Positive,Negative,2023-11-16 09:36:41,594,374
8266,1,No Image,195,103,58,Positive,Positive,2023-11-20 20:10:41,120,461
9702,6,No Image,67,65,88,Positive,Positive,2023-11-23 06:49:56,792,220
1384,15,No Image,475,54,53,Positive,Neutral,2023-11-09 08:50:58,1590,582
1404,15,Image,394,298,197,Negative,Neutral,2023-11-27 02:12:28,2130,890
9175,19,Image,2,262,57,Negative,Neutral,2023-11-24 18:15:38,1216,416
3000,11,No Image,360,90,82,Neutral,Negative,2023-11-19 14:42:14,1628,532
6989,26,No Image,124,21,64,Neutral,Neutral,2023-11-12 20:27:57,3250,271
2460,23,No Image,109,100,63,Positive,Positive,2023-11-02 16:59:45,1817,272
8190,26,Image,128,231,105,Neutral,Neutral,2023-11-06 04:14:12,1794,464
8140,2,No Image,424,120,3,Neutral,Neutral,2023-11-14 18:28:54,172,709
4636,14,No Image,119,92,64,Positive,Negative,2023-11-05 10:46:18,728,275
5809,2,Image,189,291,21,Positive,Negative,2023-11-01 18:39:58,244,649
5178,29,No Image,254,107,75,Neutral,Positive,2023-11-14 22:13:44,2610,565
8245,4,Image,273,210,57,Negative,Negative,2023-11-09 23:25:47,352,700
7600,17,Image,22,258,128,Neutral,Neutral,2023-11-24 02:43:45,1275,408
6997,3,Image,714,14,69,Neutral,Negative,2023-11-28 08:23:42,153,796
3048,13,No Image,61,8,144,Negative,Positive,2023-11-14 09:39:00,936,213
5780,9,No Image,368,181,166,Negative,Neutral,2023-11-26 19:46:50,648,926
1716,7,Image,646,231,68,Positive,Positive,2023-11-08 21:56:17,938,1225
8939,15,No Image,157,33,13,Positive,Negative,2023-11-07 21:00:17,975,263
6565,23,No Image,267,128,49,Neutral,Negative,2023-11-10 04:38:56,1334,444
5544,29,No Image,34,159,34,Negative,Positive,2023-11-04 20:06:58,1798,294
5976,29,No Image,266,88,49,Positive,Neutral,2023-11-06 20:17:20,2233,522
4419,11,Image,94,138,48,Neutral,Negative,2023-11-05 02:59:18,836,280
8239,20,No Image,493,70,104,Negative,Negative,2023-11-27 10:46:28,2000,667
1249,2,Image,74,99,63,Neutral,Neutral,2023-11-05 20:04:18,226,305
9865,15,Image,702,220,117,Positive,Negative,2023-11-17 11:59:58,1515,1040
1770,14,No Image,254,116,11,Positive,Positive,2023-11-06 01:49:25,1820,381
5363,20,Image,222,140,105,Negative,Negative,2023-11-22 11:21:28,1740,467
2077,22,No Image,324,162,19,Neutral,Negative,2023-11-25 12:52:32,3278,505
9427,11,No Image,303,98,167,Negative,Neutral,2023-11-08 16:05:16,1254,568
9580,27,Image,412,168,56,Positive,Positive,2023-11-26 02:58:38,1809,636
8901,3,Image,534,153,3,Positive,Neutral,2023-11-15 16:42:07,336,690
5858,17,Image,675,135,40,Neutral,Negative,2023-11-16 01:34:45,1700,850
7544,12,Image,256,134,82,Neutral,Negative,2023-11-02 06:57:38,696,472
5719,24,No Image,416,16,89,Neutral,Neutral,2023-11-02 11:16:42,1488,521
3814,28,No Image,200,17,167,Negative,Neutral,2023-11-21 06:36:58,2492,384
4374,29,No Image,444,172,12,Neutral,Neutral,2023-11-10 03:08:57,3016,628
2252,21,Image,588,172,114,Neutral,Positive,2023-11-11 10:52:28,2688,874
7996,15,Image,484,138,98,Positive,Negative,2023-11-29 11:24:31,1380,720
5673,16,Image,51,270,54,Positive,Neutral,2023-11-23 15:19:56,1488,375
5530,5,No Image,464,90,48,Neutral,Negative,2023-11-08 04:12:53,585,602
7881,27,Image,722,122,98,Neutral,Positive,2023-11-13 04:36:31,2214,940
7949,20,No Image,215,67,35,Positive,Positive,2023-11-08 03:48:24,1460,317
7241,6,Image,718,288,80,Neutral,Positive,2023-11-02 20:11:07,510,1408
9017,19,No Image,64,113,45,Negative,Positive,2023-11-19 13:21:40,1121,222
7941,25,No Image,7,0,133,Negative,Negative,2023-11-01 13:28:41,3725,140
8002,5,Image,450,86,192,Negative,Positive,2023-11-12 18:44:55,345,943
2331,3,Image,513,230,58,Neutral,Positive,2023-11-08 16:45:56,372,801
5261,27,No Image,430,108,42,Positive,Neutral,2023-11-21 05:03:36,1647,580
8648,1,No Image,423,147,21,Neutral,Positive,2023-11-18 18:09:49,111,766
6115,26,Image,496,172,28,Neutral,Neutral,2023-11-23 14:20:28,1742,698
5637,28,Image,656,129,10,Positive,Positive,2023-11-08 05:37:53,4004,795
5854,6,No Image,75,9,28,Positive,Positive,2023-11-02 02:29:21,672,112
4177,15,Image,260,87,58,Positive,Neutral,2023-11-09 03:19:09,1995,405
8730,2,No Image,46,40,160,Negative,Positive,2023-11-28 13:19:36,148,246
3180,29,No Image,14,104,29,Neutral,Negative,2023-11-16 03:45:22,1769,147
5892,3,Image,540,198,120,Positive,Negative,2023-11-22 14:49:23,210,858
8043,17,Image,219,182,124,Neutral,Positive,2023-11-28 20:06:00,1258,681
1137,25,Image,38,288,146,Negative,Negative,2023-11-22 14:05:11,1500,471
7327,24,Image,460,216,40,Negative,Neutral,2023-11-07 21:09:58,2712,929
4472,12,Image,138,32,68,Positive,Positive,2023-11-12 06:25:09,1464,237
6449,18,No Image,405,97,61,Positive,Positive,2023-11-04 11:10:54,1782,563
3832,15,No Image,231,168,6,Neutral,Neutral,2023-11-16 11:45:38,1665,405
4579,12,Image,30,100,118,Positive,Neutral,2023-11-25 14:39:53,1656,249
6971,16,Image,459,294,66,Neutral,Neutral,2023-11-17 20:53:23,2368,1062
5164,27,Image,56,207,87,Positive,Positive,2023-11-12 09:08:30,3915,350
8941,8,No Image,275,55,55,Neutral,Neutral,2023-11-17 21:03:11,784,499
6569,28,Image,234,267,70,Neutral,Neutral,2023-11-18 21:31:33,1764,741
5300,14,Image,267,222,39,Neutral,Negative,2023-11-22 03:19:17,700,528
7269,25,No Image,131,98,52,Neutral,Negative,2023-11-07 21:47:02,3250,364
4818,17,No Image,310,75,155,Negative,Positive,2023-11-15 00:56:24,1258,540
2906,29,Image,681,38,130,Neutral,Negative,2023-11-05 18:08:24,3132,1100
7254,21,Image,520,171,108,Positive,Negative,2023-11-24 07:57:23,2541,800
1760,8,Image,40,219,92,Negative,Neutral,2023-11-07 23:33:12,944,455
8830,15,No Image,259,108,90,Negative,Neutral,2023-11-26 01:01:39,810,457
8350,27,Image,608,280,124,Neutral,Negative,2023-11-18 11:55:03,3996,1012
7238,14,Image,112,297,97,Negative,Negative,2023-11-30 13:51:09,952,507
7090,18,Image,642,69,120,Neutral,Negative,2023-11-17 15:24:38,1296,831
7031,20,No Image,66,70,94,Positive,Positive,2023-11-25 18:26:59,1160,298
8687,7,No Image,341,153,56,Neutral,Positive,2023-11-27 00:50:11,1001,550
9472,3,Image,736,58,19,Negative,Positive,2023-11-07 16:27:31,297,814
2887,29,Image,290,198,117,Positive,Negative,2023-11-17 11:02:44,1885,604
4266,12,No Image,471,148,94,Neutral,Negative,2023-11-25 14:40:14,984,713
1666,21,No Image,161,131,93,Positive,Positive,2023-11-15 17:10:18,1071,385
5188,24,No Image,346,22,19,Positive,Positive,2023-11-29 08:07:55,1512,387
1671,28,No Image,438,105,94,Negative,Negative,2023-11-24 04:32:24,1400,637
7777,26,No Image,360,83,11,Positive,Neutral,2023-11-13 20:37:55,3614,588
8570,3,No Image,256,142,86,Negative,Positive,2023-11-15 06:49:59,321,484
8956,20,No Image,71,115,16,Positive,Negative,2023-11-14 03:14:20,2760,202
6124,14,No Image,86,108,63,Neutral,Negative,2023-11-13 04:46:02,910,257
6585,15,No Image,421,135,41,Positive,Neutral,2023-11-11 20:18:41,1920,774
5777,25,Image,392,60,140,Neutral,Negative,2023-11-02 12:20:43,3475,591
4900,14,Image,320,166,42,Neutral,Negative,2023-11-03 07:40:41,1344,528
7677,7,Image,228,219,27,Positive,Positive,2023-11-28 16:41:30,651,474
7981,17,No Image,209,111,10,Neutral,Positive,2023-11-11 21:58:27,2193,428
7376,12,Image,600,153,146,Positive,Neutral,2023-11-08 03:14:57,756,898
1523,20,No Image,60,45,49,Positive,Neutral,2023-11-17 01:16:26,2840,154
3393,4,No Image,267,155,70,Neutral,Negative,2023-11-12 08:02:49,292,492
3593,9,Image,392,100,86,Neutral,Positive,2023-11-26 18:15:49,936,749
8240,6,No Image,217,121,59,Negative,Neutral,2023-11-04 09:28:04,384,397
7937,16,Image,423,21,28,Neutral,Neutral,2023-11-26 19:34:07,2112,612
7190,25,Image,202,246,132,Negative,Neutral,2023-11-25 20:43:55,3025,753
6240,28,Image,699,192,130,Neutral,Negative,2023-11-21 02:57:36,2324,1022
7493,22,No Image,379,194,9,Positive,Positive,2023-11-27 06:24:14,1122,582
3878,22,Image,542,165,46,Neutral,Neutral,2023-11-09 13:40:00,1672,753
5143,21,No Image,448,23,51,Positive,Positive,2023-11-09 10:02:03,2583,522
4644,21,Image,660,39,21,Positive,Neutral,2023-11-19 10:59:33,3108,720
5432,2,Image,138,58,124,Positive,Neutral,2023-11-02 17:48:22,272,321
2276,24,Image,162,285,5,Negative,Positive,2023-11-06 22:01:40,2904,586
6811,8,No Image,240,188,36,Neutral,Positive,2023-11-17 01:07:10,1128,464
1302,11,No Image,354,163,39,Positive,Positive,2023-11-18 18:45:14,792,721
1638,13,No Image,423,23,71,Positive,Negative,2023-11-10 22:58:31,1521,670
1055,17,Image,212,34,105,Negative,Neutral,2023-11-11 06:22:23,1071,351
9717,8,Image,435,4,82,Neutral,Negative,2023-11-29 15:31:05,896,522
9150,21,No Image,431,66,22,Neutral,Positive,2023-11-15 05:44:22,2982,519
3125,18,No Image,236,33,18,Negative,Neutral,2023-11-02 07:58:36,2052,287
1364,18,No Image,339,184,113,Negative,Negative,2023-11-19 01:22:12,2106,636
7809,14,No Image,311,176,7,Neutral,Neutral,2023-11-15 14:07:56,1568,494
5621,15,No Image,176,180,166,Negative,Negative,2023-11-28 04:55:01,2175,522
6126,6,No Image,140,115,93,Neutral,Positive,2023-11-03 19:30:17,876,451
6122,11,Image,282,33,82,Neutral,Negative,2023-11-30 02:02:54,1529,398
2646,13,No Image,485,108,59,Positive,Neutral,2023-11-26 07:45:09,1690,652
1918,25,Image,72,102,14,Positive,Neutral,2023-11-28 05:23:51,3400,188
3797,1,Image,452,141,57,Neutral,Neutral,2023-11-11 08:13:38,113,650
7506,28,No Image,368,180,27,Neutral,Neutral,2023-11-10 18:53:06,2268,745
6870,6,No Image,189,61,48,Neutral,Positive,2023-11-21 17:20:19,768,298
2531,9,Image,202,252,52,Neutral,Negative,2023-11-04 10:13:23,558,507
9172,8,No Image,42,56,12,Neutral,Positive,2023-11-25 00:57:12,920,110
4345,11,No Image,403,187,95,Neutral,Positive,2023-11-19 12:40:47,748,685
8673,22,Image,568,80,94,Negative,Positive,2023-11-27 08:52:26,1606,742
7949,19,Image,528,104,38,Neutral,Neutral,2023-11-06 21:08:14,2603,867
7882,24,Image,134,150,230,Negative,Neutral,2023-11-26 20:57:04,1440,665
2906,9,No Image,294,56,5,Negative,Neutral,2023-11-04 03:10:23,972,355
4086,17,Image,510,206,141,Neutral,Negative,2023-11-09 20:36:24,2295,1110
9152,12,No Image,244,167,81,Neutral,Neutral,2023-11-07 06:38:38,768,492
6750,25,Image,648,201,170,Negative,Negative,2023-11-26 21:03:52,1475,1321
9905,14,Image,286,153,100,Negative,Neutral,2023-11-09 17:32:47,1260,539
2062,15,Image,476,248,130,Neutral,Neutral,2023-11-14 13:31:06,1140,854
2976,16,No Image,105,84,86,Neutral,Positive,2023-11-29 15:28:17,1744,275
2296,22,No Image,362,60,38,Negative,Positive,2023-11-19 02:31:53,2684,460
7229,22,Image,464,3,3,Negative,Positive,2023-11-01 10:21:06,2222,469
8641,28,Image,572,190,81,Negative,Negative,2023-11-13 00:16:14,2156,843
1125,20,Image,348,267,15,Positive,Negative,2023-11-17 07:18:20,2280,630
5632,1,No Image,264,85,164,Negative,Neutral,2023-11-26 10:37:45,66,513
7288,10,Image,514,69,68,Positive,Negative,2023-11-25 09:28:48,1440,651
4596,8,No Image,36,195,95,Neutral,Neutral,2023-11-22 04:20:23,744,326
7168,18,Image,456,112,92,Neutral,Negative,2023-11-22 05:50:29,1062,660
8561,28,Image,60,56,184,Negative,Negative,2023-11-27 17:55:38,3136,299
9258,1,Image,24,244,94,Neutral,Negative,2023-11-08 09:49:07,142,363
1232,2,Image,514,252,14,Neutral,Positive,2023-11-26 18:42:49,262,1011
7371,1,Image,414,294,58,Neutral,Negative,2023-11-09 09:53:58,96,766
5206,1,Image,459,210,34,Neutral,Positive,2023-11-22 10:30:45,87,704
8943,9,No Image,58,86,98,Positive,Positive,2023-11-23 16:36:05,1071,242
7891,13,Image,633,86,64,Positive,Negative,2023-11-11 23:15:06,1625,1015
7738,1,No Image,182,49,106,Negative,Neutral,2023-11-14 14:10:19,102,337
3472,13,Image,60,44,165,Negative,Neutral,2023-11-22 07:39:13,1651,268
3739,20,Image,57,284,232,Negative,Neutral,2023-11-08 02:07:33,1860,573
6401,26,No Image,396,100,16,Neutral,Negative,2023-11-26 21:57:09,3198,664
2761,22,Image,286,36,96,Neutral,Neutral,2023-11-28 02:42:26,2266,418
1876,7,No Image,266,111,94,Positive,Positive,2023-11-10 07:27:22,483,471
4812,2,No Image,493,154,94,Positive,Neutral,2023-11-23 03:57:27,256,741
2460,6,Image,219,267,151,Negative,Negative,2023-11-18 16:26:41,480,637
2733,7,No Image,394,184,54,Positive,Neutral,2023-11-04 15:44:22,392,632
2605,26,No Image,332,125,52,Positive,Positive,2023-11-07 21:00:47,2782,660
6622,14,Image,189,183,82,Positive,Negative,2023-11-27 17:41:17,826,454
7767,26,No Image,45,46,97,Positive,Neutral,2023-11-11 17:15:00,1534,188
7986,18,Image,66,176,12,Positive,Negative,2023-11-24 20:30:02,1584,329
4517,15,Image,0,57,57,Negative,Negative,2023-11-09 01:34:29,1155,114
4735,2,Image,250,22,32,Negative,Negative,2023-11-12 18:13:16,158,396
9434,10,Image,160,32,132,Positive,Neutral,2023-11-25 02:30:08,860,324
3590,23,No Image,18,53,85,Negative,Negative,2023-11-29 00:59:52,2668,156
2063,12,Image,496,222,26,Neutral,Neutral,2023-11-23 23:33:50,1104,964
5324,17,Image,106,298,112,Positive,Positive,2023-11-09 02:43:15,2176,518
6342,8,No Image,455,15,39,Neutral,Neutral,2023-11-15 01:00:20,1072,509
1005,11,Image,666,87,43,Negative,Positive,2023-11-07 09:04:54,1111,796
8489,29,Image,162,45,38,Negative,Neutral,2023-11-01 18:33:28,3045,317
9659,3,No Image,267,169,14,Neutral,Negative,2023-11-08 12:11:09,375,450
9195,27,No Image,444,31,140,Negative,Neutral,2023-11-18 12:51:11,3159,615
6966,6,No Image,239,186,62,Positive,Negative,2023-11-12 12:28:29,348,487
9837,9,No Image,416,161,38,Neutral,Positive,2023-11-25 11:56:06,1269,615
1117,6,No Image,300,8,12,Positive,Neutral,2023-11-17 04:11:07,432,320
3551,9,No Image,89,138,80,Neutral,Negative,2023-11-09 04:17:27,1008,307
6560,7,No Image,102,9,56,Negative,Positive,2023-11-07 03:25:33,770,167
5289,9,Image,712,24,12,Neutral,Positive,2023-11-03 03:34:17,801,748
1846,18,No Image,249,67,39,Neutral,Neutral,2023-11-08 02:02:14,1674,355
7316,12,No Image,452,47,19,Positive,Positive,2023-11-12 22:33:04,1620,671
7469,8,No Image,7,179,160,Negative,Negative,2023-11-12 20:26:31,584,449
9915,8,Image,228,165,135,Positive,Positive,2023-11-10 07:34:56,800,528
1224,18,Image,519,228,227,Negative,Positive,2023-11-14 04:48:11,1926,974
5208,28,No Image,173,122,81,Positive,Negative,2023-11-10 20:07:15,3892,487
7283,20,No Image,342,148,76,Neutral,Positive,2023-11-26 17:43:39,2860,566
3048,15,No Image,157,100,79,Positive,Positive,2023-11-06 17:14:01,1230,336
7233,27,Image,738,152,194,Negative,Positive,2023-11-08 11:00:30,1755,1084
2828,7,Image,645,96,167,Negative,Positive,2023-11-22 05:09:54,497,908
2917,11,No Image,214,190,75,Neutral,Negative,2023-11-23 20:33:36,1166,621
5234,20,Image,264,75,116,Negative,Positive,2023-11-24 12:57:30,2220,455
7988,16,No Image,174,35,37,Positive,Negative,2023-11-28 16:01:01,2096,246
3026,4,Image,508,120,123,Neutral,Positive,2023-11-26 12:37:52,480,752
4744,6,Image,506,189,159,Negative,Positive,2023-11-10 13:26:44,834,854
1009,26,No Image,145,87,126,Negative,Positive,2023-11-13 05:09:28,3146,358
1260,22,No Image,449,193,98,Positive,Positive,2023-11-26 08:26:42,2618,740
7038,26,No Image,323,103,47,Positive,Negative,2023-11-15 03:45:56,2054,473
3219,3,No Image,477,14,17,Neutral,Negative,2023-11-11 05:34:10,216,508
8041,9,Image,240,142,40,Negative,Negative,2023-11-20 01:36:23,729,423
3060,28,Image,189,249,81,Positive,Neutral,2023-11-19 12:31:50,3780,519
6287,10,Image,628,183,57,Neutral,Positive,2023-11-14 02:03:06,1060,868
2619,14,No Image,81,197,121,Negative,Positive,2023-11-28 10:17:50,812,399
9512,11,Image,726,0,157,Negative,Negative,2023-11-04 18:23:27,880,1144
2342,18,No Image,146,150,88,Neutral,Neutral,2023-11-08 21:32:06,2160,498
3832,22,Image,357,182,142,Neutral,Positive,2023-11-02 10:59:02,1276,681
3824,12,No Image,411,166,61,Positive,Negative,2023-11-20 06:29:49,744,638
2994,23,No Image,423,125,22,Negative,Positive,2023-11-13 18:55:18,2461,738
4490,12,Image,124,84,216,Negative,Positive,2023-11-10 12:41:19,624,424
8984,13,No Image,112,80,9,Negative,Negative,2023-11-04 21:11:21,1092,261
2604,25,No Image,224,161,82,Neutral,Negative,2023-11-16 20:01:52,3650,605
1235,13,Image,496,252,114,Positive,Positive,2023-11-20 12:19:34,910,862
2908,19,No Image,377,72,106,Negative,Positive,2023-11-03 02:51:25,2147,555
9567,26,No Image,242,140,89,Neutral,Negative,2023-11-17 06:28:46,3744,471
4530,19,No Image,142,69,23,Negative,Positive,2023-11-28 07:48:45,1919,234
6256,23,Image,60,8,141,Positive,Positive,2023-11-21 03:32:43,1909,208
3635,14,Image,633,124,143,Negative,Negative,2023-11-23 08:31:33,2030,901
9162,4,No Image,257,51,3,Positive,Positive,2023-11-29 07:12:35,336,311
3560,13,Image,669,3,57,Positive,Positive,2023-11-20 22:01:30,832,945
6415,8,No Image,284,80,128,Negative,Neutral,2023-11-21 15:03:22,1160,492
4391,29,No Image,104,62,43,Negative,Negative,2023-11-04 21:23:47,1595,271
6951,23,No Image,201,48,76,Positive,Neutral,2023-11-20 17:24:39,3082,325
6468,21,No Image,449,75,31,Neutral,Neutral,2023-11-17 01:29:01,3066,555
9007,23,No Image,306,111,58,Positive,Neutral,2023-11-02 15:07:25,1863,475
7413,19,Image,495,261,167,Negative,Positive,2023-11-14 02:19:04,1919,923
7941,12,No Image,460,108,67,Negative,Positive,2023-11-17 08:52:35,1584,635
5820,18,Image,398,273,136,Neutral,Neutral,2023-11-19 11:24:30,2628,807
3898,6,Image,596,286,78,Positive,Neutral,2023-11-10 05:57:56,462,960
8546,18,No Image,209,64,93,Positive,Neutral,2023-11-08 04:48:56,2592,366
1077,19,No Image,50,80,66,Positive,Positive,2023-11-06 04:01:33,2546,196
8577,22,Image,176,291,73,Negative,Neutral,2023-11-29 12:38:01,3234,539
5227,5,Image,300,21,3,Positive,Neutral,2023-11-23 08:03:48,565,324
1600,24,Image,564,148,146,Neutral,Negative,2023-11-11 21:58:16,3072,1112
2065,9,No Image,38,31,142,Negative,Negative,2023-11-13 15:22:26,1143,211
3136,27,Image,40,142,57,Negative,Positive,2023-11-09 19:04:01,1836,311
7943,3,No Image,258,127,95,Positive,Negative,2023-11-04 15:51:29,192,480
8804,28,No Image,83,195,37,Neutral,Negative,2023-11-27 05:11:53,1540,315
7565,10,No Image,453,145,128,Negative,Negative,2023-11-10 22:33:38,1220,941
6984,19,Image,231,168,192,Negative,Positive,2023-11-28 12:24:09,2527,591
6142,3,No Image,116,82,61,Positive,Negative,2023-11-28 12:15:05,441,259
5670,29,No Image,1,42,56,Positive,Positive,2023-11-10 03:24:43,2523,99
3190,29,No Image,92,115,5,Neutral,Neutral,2023-11-19 12:32:30,2175,212
3712,22,No Image,165,162,77,Positive,Negative,2023-11-28 06:41:03,2882,404
3192,15,No Image,386,77,31,Neutral,Positive,2023-11-03 23:30:03,2115,640
2248,1,Image,598,86,265,Negative,Negative,2023-11-02 03:49:14,100,949
5033,7,No Image,349,32,9,Neutral,Neutral,2023-11-06 01:26:44,854,390
2997,12,No Image,295,13,2,Neutral,Positive,2023-11-25 03:35:14,1740,310
4687,17,Image,386,242,87,Neutral,Positive,2023-11-12 15:54:40,1734,714
5018,21,No Image,80,188,135,Negative,Positive,2023-11-17 05:06:53,2205,403
2970,26,Image,636,196,72,Positive,Neutral,2023-11-25 14:38:55,2808,904
9389,29,No Image,267,58,104,Negative,Neutral,2023-11-17 07:28:34,3451,429
6765,24,Image,627,234,45,Positive,Neutral,2023-11-18 09:38:29,3048,906
2202,20,Image,351,123,138,Neutral,Positive,2023-11-09 12:52:19,2820,612
9135,5,No Image,320,133,68,Neutral,Neutral,2023-11-18 23:15:32,535,675
6567,4,No Image,310,120,61,Neutral,Negative,2023-11-21 14:58:57,548,491
8667,28,No Image,300,176,51,Neutral,Neutral,2023-11-28 08:22:57,1736,527
6742,12,Image,693,250,132,Neutral,Positive,2023-11-20 04:59:54,1104,1076
6788,20,Image,710,123,60,Positive,Negative,2023-11-01 10:26:51,2500,892
6408,28,Image,534,288,45,Positive,Neutral,2023-11-24 14:32:38,2800,867
9669,24,No Image,212,196,84,Neutral,Negative,2023-11-12 03:30:27,1632,492
1922,18,Image,92,39,224,Negative,Negative,2023-11-24 20:01:16,1260,460
1419,17,Image,72,118,57,Negative,Positive,2023-11-06 09:45:09,2380,247
3204,19,No Image,126,133,3,Neutral,Negative,2023-11-14 07:50:36,2508,262
2120,9,Image,333,18,18,Positive,Negative,2023-11-08 21:21:20,657,478
1950,4,Image,612,94,119,Negative,Positive,2023-11-23 23:29:24,300,1070
3336,26,No Image,278,189,74,Negative,Positive,2023-11-17 13:16:52,2444,541
6373,21,Image,610,219,130,Negative,Positive,2023-11-22 09:00:07,1617,959
3243,2,No Image,293,79,19,Neutral,Negative,2023-11-03 05:08:36,262,391
3645,4,No Image,283,122,137,Negative,Negative,2023-11-02 15:45:55,596,542
5612,2,No Image,276,42,144,Negative,Negative,2023-11-06 20:47:26,156,599
2865,15,No Image,437,88,95,Negative,Positive,2023-11-24 02:08:35,990,620
7028,2,No Image,106,147,63,Negative,Neutral,2023-11-14 20:51:08,234,410
8326,4,Image,218,141,144,Positive,Negative,2023-11-10 12:57:55,372,502
7371,6,Image,628,292,0,Neutral,Neutral,2023-11-11 00:57:08,660,921
7359,7,No Image,98,171,14,Neutral,Positive,2023-11-21 21:37:20,994,367
8863,10,No Image,428,150,76,Positive,Negative,2023-11-04 02:08:17,1170,654
4228,19,Image,561,2,24,Positive,Neutral,2023-11-17 22:59:26,2337,760
4719,19,No Image,72,119,23,Neutral,Negative,2023-11-04 21:54:59,1406,277
3371,26,No Image,436,21,103,Negative,Negative,2023-11-05 15:37:40,3744,560
3891,22,No Image,485,114,128,Negative,Negative,2023-11-07 20:06:44,2552,942
4756,29,Image,182,84,135,Neutral,Neutral,2023-11-05 23:32:36,1479,519
5225,12,Image,44,106,59,Negative,Positive,2023-11-23 21:31:15,1656,271
1094,3,No Image,187,6,45,Positive,Negative,2023-11-22 10:00:27,294,238
3674,13,No Image,363,183,128,Negative,Positive,2023-11-06 06:58:02,1547,674
7898,18,Image,530,177,19,Negative,Positive,2023-11-20 04:19:25,1350,725
1793,8,Image,430,291,157,Negative,Neutral,2023-11-24 07:31:37,968,878
3116,21,No Image,450,113,89,Neutral,Neutral,2023-11-18 13:18:18,3108,652
6779,15,No Image,194,15,58,Positive,Positive,2023-11-17 10:41:44,1140,267
7166,1,Image,232,123,32,Negative,Negative,2023-11-16 05:26:45,138,388
1814,3,Image,256,267,57,Neutral,Neutral,2023-11-19 04:21:51,201,580
1345,26,Image,501,106,73,Negative,Negative,2023-11-17 16:24:41,2678,680
9554,8,No Image,40,123,88,Positive,Negative,2023-11-17 10:22:22,400,251
3443,4,Image,93,168,162,Negative,Negative,2023-11-21 02:51:00,440,423
8783,16,No Image,22,11,15,Positive,Positive,2023-11-18 04:44:17,832,48
1984,23,Image,538,188,3,Negative,Negative,2023-11-07 16:21:22,2691,729
8790,10,Image,111,78,122,Positive,Positive,2023-11-02 20:41:23,900,402
1827,12,Image,70,111,43,Negative,Positive,2023-11-16 04:51:06,1032,225
4531,14,Image,238,198,44,Positive,Negative,2023-11-17 03:40:24,1400,480
8147,14,No Image,312,26,22,Negative,Negative,2023-11-25 21:20:01,896,466
5451,2,No Image,117,139,171,Negative,Negative,2023-11-20 19:04:50,114,553
4876,23,Image,148,216,138,Neutral,Negative,2023-11-25 16:54:07,2001,502
6959,5,No Image,379,133,93,Neutral,Positive,2023-11-06 21:06:27,660,784
1126,5,Image,624,144,122,Positive,Negative,2023-11-18 20:57:01,525,1153
4177,6,Image,610,6,32,Negative,Negative,2023-11-12 01:19:04,576,649
9795,13,Image,249,84,63,Positive,Positive,2023-11-17 15:02:38,1807,396
7024,9,Image,434,232,126,Neutral,Neutral,2023-11-25 19:27:52,531,1027
6109,22,No Image,439,77,93,Positive,Neutral,2023-11-27 21:23:28,2794,789
5146,28,Image,232,102,30,Positive,Positive,2023-11-10 17:29:59,2744,364
8196,29,Image,630,176,81,Neutral,Neutral,2023-11-24 10:25:26,2610,886
4368,15,No Image,6,119,144,Negative,Positive,2023-11-25 21:52:49,1980,349
4797,14,Image,292,87,58,Positive,Negative,2023-11-10 18:10:32,1106,568
2792,24,Image,630,48,123,Neutral,Negative,2023-11-16 08:21:39,1296,801
6732,7,Image,82,92,38,Negative,Neutral,2023-11-01 17:56:50,1008,212
4476,25,No Image,320,49,72,Neutral,Negative,2023-11-11 22:18:35,3000,572
4417,20,Image,288,166,76,Positive,Neutral,2023-11-29 04:06:32,2640,531
2645,2,No Image,46,18,131,Negative,Neutral,2023-11-25 13:28:03,160,195
4030,7,Image,220,294,254,Negative,Negative,2023-11-13 15:25:36,707,768
3872,6,Image,411,183,78,Neutral,Negative,2023-11-14 00:17:29,822,672
4072,17,No Image,156,193,86,Neutral,Neutral,2023-11-28 05:52:47,2499,435
2854,27,Image,302,69,76,Neutral,Negative,2023-11-17 02:58:25,1944,447
5021,25,Image,664,249,78,Negative,Positive,2023-11-12 16:15:08,2425,992
5662,25,No Image,401,195,58,Negative,Negative,2023-11-24 19:45:46,2225,847
7514,28,No Image,475,32,56,Positive,Negative,2023-11-27 22:01:59,1540,730
6031,2,No Image,418,140,92,Negative,Positive,2023-11-20 17:24:03,174,650
3708,3,No Image,426,83,8,Positive,Negative,2023-11-27 03:45:42,270,517
8112,5,No Image,494,181,53,Neutral,Negative,2023-11-22 09:08:25,745,728
9393,5,Image,717,201,0,Neutral,Neutral,2023-11-02 15:43:29,380,918
4507,1,No Image,474,78,77,Negative,Negative,2023-11-08 16:55:00,124,629
7456,8,Image,188,20,147,Neutral,Negative,2023-11-27 19:51:02,944,459
5212,12,Image,591,219,111,Neutral,Positive,2023-11-03 19:59:22,1272,1194
8970,24,Image,456,190,262,Negative,Neutral,2023-11-28 03:51:17,1584,908
9766,4,No Image,368,53,79,Positive,Neutral,2023-11-13 02:44:06,480,500
1536,13,No Image,293,147,14,Negative,Neutral,2023-11-04 14:50:58,1820,454
2625,23,Image,94,42,46,Positive,Negative,2023-11-14 06:26:41,2208,183
8973,15,No Image,324,23,25,Negative,Neutral,2023-11-19 21:17:17,1920,482
9577,11,No Image,391,81,20,Negative,Positive,2023-11-03 20:29:51,682,637
9070,10,No Image,417,62,96,Neutral,Neutral,2023-11-28 12:08:12,600,575
9666,3,No Image,175,104,139,Negative,Positive,2023-11-12 23:14:31,417,541
9609,22,Image,172,84,151,Negative,Neutral,2023-11-10 06:39:04,2970,408
7490,14,Image,658,202,10,Positive,Neutral,2023-11-29 17:24:52,1974,872
4600,16,No Image,203,61,71,Neutral,Positive,2023-11-30 03:31:19,1168,335
7783,10,Image,728,234,39,Positive,Neutral,2023-11-23 00:15:11,1420,1000
5971,29,No Image,320,16,61,Positive,Neutral,2023-11-17 22:55:26,3538,515
2205,10,No Image,30,65,11,Neutral,Neutral,2023-11-07 20:38:50,530,137
2990,12,Image,580,8,96,Neutral,Negative,2023-11-23 15:29:22,1140,684
6299,9,Image,168,86,62,Neutral,Positive,2023-11-03 15:14:29,603,315
4572,1,Image,546,102,165,Negative,Neutral,2023-11-20 09:02:20,92,813
6975,5,No Image,433,155,10,Neutral,Positive,2023-11-11 13:31:04,645,598
7320,20,Image,486,92,63,Neutral,Positive,2023-11-11 16:18:07,1640,640
5380,8,No Image,413,168,94,Neutral,Positive,2023-11-04 12:36:10,1136,675
5757,11,Image,562,294,24,Positive,Neutral,2023-11-08 09:39:33,649,880
3713,12,Image,514,122,144,Positive,Neutral,2023-11-12 03:02:35,1464,780
6588,1,No Image,442,168,56,Negative,Positive,2023-11-09 11:16:50,108,666
1966,25,No Image,66,176,92,Positive,Negative,2023-11-27 17:03:54,2000,334
5944,22,No Image,74,176,151,Negative,Positive,2023-11-23 00:25:47,1694,401
4432,20,No Image,44,70,84,Positive,Negative,2023-11-03 16:53:36,2180,198
1688,28,No Image,259,130,39,Neutral,Positive,2023-11-25 14:19:00,1456,428
5243,25,No Image,153,9,22,Positive,Positive,2023-11-21 12:16:38,2600,184
4701,11,No Image,154,97,99,Negative,Positive,2023-11-07 18:20:17,693,454
9533,5,No Image,429,88,5,Positive,Neutral,2023-11-07 07:13:01,535,522
6182,15,Image,543,51,128,Neutral,Negative,2023-11-08 01:33:18,2070,722
7704,5,No Image,447,1,88,Negative,Negative,2023-11-04 11:38:53,320,536
5422,12,No Image,474,123,36,Neutral,Positive,2023-11-20 15:58:17,612,633
2759,5,Image,350,34,94,Neutral,Neutral,2023-11-07 09:53:26,365,478
3482,17,No Image,50,73,95,Negative,Neutral,2023-11-25 08:14:00,2159,218
9058,17,Image,458,248,106,Neutral,Negative,2023-11-04 17:25:41,1921,812
1951,24,Image,392,32,72,Neutral,Neutral,2023-11-09 09:16:41,2880,495
9914,12,No Image,314,153,98,Positive,Negative,2023-11-25 17:58:52,1788,565
3079,24,Image,186,255,15,Neutral,Negative,2023-11-08 12:15:40,1752,456
3717,28,No Image,398,182,87,Neutral,Negative,2023-11-24 03:42:44,2128,667
5524,15,Image,366,57,72,Neutral,Neutral,2023-11-29 20:16:32,1290,642
9477,15,Image,44,234,30,Neutral,Negative,2023-11-28 08:54:07,2145,308
8311,6,Image,638,28,176,Negative,Negative,2023-11-10 08:42:17,840,842
8186,12,No Image,484,40,62,Positive,Positive,2023-11-08 22:13:53,1056,760
3065,27,No Image,121,181,82,Neutral,Negative,2023-11-21 00:44:35,3024,384
1768,29,Image,186,220,40,Neutral,Negative,2023-11-06 01:30:03,3712,447
6490,20,Image,54,160,43,Negative,Positive,2023-11-02 18:36:38,1500,334
7645,18,No Image,169,146,5,Neutral,Positive,2023-11-30 07:32:48,2052,320
6083,14,No Image,123,83,32,Negative,Neutral,2023-11-26 07:16:51,742,238
6232,2,Image,534,165,82,Positive,Negative,2023-11-14 23:58:47,156,1013
6797,9,Image,51,98,40,Positive,Neutral,2023-11-27 09:36:14,450,189
5926,5,No Image,86,157,65,Neutral,Neutral,2023-11-28 19:20:42,495,399
7016,20,No Image,133,52,37,Neutral,Positive,2023-11-17 09:28:24,2700,222
4335,26,No Image,195,33,36,Neutral,Neutral,2023-11-18 00:06:16,1560,264
